episode,episode_reward,step
0.0,21.23639652229229,0
4.0,21.626975005111838,4000
8.0,78.3761832816907,8000
12.0,18.76136726666691,12000
16.0,76.30083012170881,16000
20.0,90.0265460475755,20000
24.0,85.4535237881682,24000
28.0,200.02339431370825,28000
32.0,211.56556563139716,32000
36.0,261.38898504120834,36000
40.0,241.63640911457432,40000
