episode,episode_reward,step
0.0,21.05684447761277,0
4.0,21.181147592882255,4000
